web-scraper-order,web-scraper-start-url,product-link,product-link-href,name,price,description,type,area,typology,nWC,floor,elevator,construction year,parking,features,agent_name,energy_efficiency-src,freguesia,value
"1687781251-1","https://www.remax.pt/comprar/porto","venda-prédio-porto-cedofeita-santo-ildefonso-se-miragaia-sao-nicolau-e-vitoria                 Visita virtual     850 000 €         Porto -   Porto, Cedofeita, Santo Ildefonso, Sé, Miragaia, São Nicolau e Vitória        Prédio   129 m2    3    --","https://www.remax.pt/imoveis/venda-predio-porto-cedofeita-santo-ildefonso-se-miragaia-sao-nicolau-e-vitoria/125061021-1120","Prédio à venda em Baixa do Porto","850 000 €","Descrição   Prédio em Cedofeita de 3 pisos para remodelar. Oportunidade de investimento neste prédio de traça característica para venda em propriedade total. Nas traseiras do prédio, encontra um jardim privado com cerca de 98 m2 que aumenta o potencial do imóvel. É um espaço raro nesta zona habitacional da cidade o que permite desfrutar de um espaço ao ar livre como complemento ao uso que pretenda dar ao prédio.   Este edifício situa-se na zona ARU, permitindo assim que possa ser objeto de benefícios fiscais.   Com afetação para comércio e habitação, existindo ainda a possibilidade de ser ampliado em mais 1 piso, o que possibilitaria uma maior área construtiva e, consequentemente, mais possibilidades de aproveitamento do espaço.   Em relação às características do edifício, o mesmo apresenta um estilo arquitetónico tradicional, com traços antigos e rústicos, o que lhe confere uma personalidade única e exclusiva.   É importante referir que a sua localização é privilegiada, estando próximo de vários serviços, comércio local e 2 paragens de metro, o que o torna ainda mais atrativo para quem deseje usufruir de uma localização privilegiada no centro da cidade.    O edifício é composto por diversos compartimentos e espaços que podem ser explorados de diversas formas, estando apto para várias finalidades, desde habitação a serviços ou comércio.
   O prédio é ideal para ser convertido em unidades residenciais ou em um espaço comercial, como lojas ou escritórios.
   Caso necessite de mais informações ou queira marcar uma visita ao local, por favor não hesite em contactar-nos.    ______________________________________________________________   Building in Cedofeita of 3 floors to remodel. Investment opportunity in this building of characteristic moth for sale in full ownership. In the back of the building, you will find a private garden with about 98 m2 which increases the potential of the property. It is a rare space in this residential area of the city which allows you to enjoy an outdoor space as a complement to the use that you want to give to the building.   This building is located in the ARU zone, thus allowing it to be subject to tax benefits.   With affectation to trade and housing, with the possibility of being extended by one more floor, which would allow a larger constructive area and, consequently, more possibilities for use of space.   Regarding the characteristics of the building, it has a traditional architectural style, with ancient and rustic features, which gives it a unique and exclusive personality.   It is important to mention that its location is privileged, being close to several services, local shops and 2 subway stops, which makes it even more attractive for those who wish to enjoy a prime location in the city center.   The building is composed of several compartments and spaces that can be exploited in various ways, being suitable for various purposes, from housing to services or trade. The building is ideal to be converted into residential units or a commercial space, such as stores or offices. If you need more information or would like to schedule a site visit, please do not hesitate to contact us.   ______________________________________________________________   Immeuble à Cedofeita de 3 étages à rénover. Opportunité d'investissement dans cet immeuble de caractère à vendre en pleine propriété. A l'arrière de l'immeuble, vous trouverez un jardin privé d'environ 98 m2 qui augmente le potentiel de la propriété. C'est un espace rare dans ce quartier résidentiel de la ville qui permet de profiter d'un espace extérieur en complément de l'usage que l'on veut donner à l'immeuble.   Cet immeuble est situé en zone ARU, ce qui lui permet de faire l'objet d'avantages fiscaux.   En ce qui concerne l'affectation au commerce et au logement, il y a encore la possibilité d'être agrandi d'un étage supplémentaire, ce qui permettrait une plus grande surface constructive et par conséquent plus de possibilités d'utilisation de l'espace.   En ce qui concerne les caractéristiques du bâtiment, il présente un style architectural traditionnel, avec des caractéristiques anciennes et rustiques, ce qui lui confère une personnalité unique et exclusive.   Il est important de mentionner que son emplacement est privilégié, à proximité de plusieurs services, de commerces de proximité et de deux stations de métro, ce qui le rend encore plus attrayant pour ceux qui souhaitent profiter d'un emplacement privilégié dans le centre ville.   L'immeuble se compose de plusieurs compartiments et espaces qui peuvent être exploités de différentes manières, convenant à divers usages, du logement aux services ou au commerce. Le bâtiment est idéal pour être converti en unités résidentielles ou en espace commercial, comme des magasins ou des bureaux. Si vous souhaitez obtenir de plus amples informations ou organiser une visite du site, n'hésitez pas à nous contacter.","Venda","129 m2","--","--","--","Não","1951","Não","Características   Perto de Transportes Públicos Vistas Exteriores  Jardim Urbano  Construção Antiga Por Remodelar  Viabilidade Construção Centro da Cidade  Perto de Autoestrada Perto de Centro de Congressos  Perto de Hospital Perto de Escola(s)  Local Movimentado Localização  Fachada de Pedra Varanda  Estrutura Inacabada Estrada Pavimentada  Mosaico Perto de Jardim  Trânsito de Acesso Fácil Perto de Parque  Residencial Perto do Aeroporto  Perto de Lojas Perto de Ginásio","Sérgio Martins","https://i.maxwork.pt/mxw-650/energyefficiency/details/EF/F.png","Cedofeita, Santo Ildefonso, Sé, Miragaia, São Nicolau e Vitória",""
"1687781254-2","https://www.remax.pt/comprar/porto","venda-apartamento-t4-porto-cedofeita-santo-ildefonso-se-miragaia-sao-nicolau-e-vitoria                  300 000 €         Porto -   Porto, Cedofeita, Santo Ildefonso, Sé, Miragaia, São Nicolau e Vitória        Apartamento   115 m2    3    4","https://www.remax.pt/imoveis/venda-apartamento-t4-porto-cedofeita-santo-ildefonso-se-miragaia-sao-nicolau-e-vitoria/123821031-380","Apartamento T4 à venda em Boavista","300 000 €","Descrição   Excelente T4 no Porto junto ao Metro. Este apartamento foi totalmente renovado com materiais de qualidade, ao nível de canalização, parte eléctrica, cozinha, casas de banho, aplicação de nova caixilharia de vidro duplo com corte térmico, estores eléctricos, pré instalação de ar-condicionado, etc...Está inserido num prédio com elevador e sem garagem. É constituído por uma sala ampla com varanda, cozinha equipada, quatro quartos com roupeiros embutidos, sendo um deles uma suite, duas casas de banho completas, mais um WC de serviço e lavandaria. Fica a 3min a pé do Metro de Francos, a 150m da Casa de Saúde da Boavista, a 400m do Edifício POP, a 300m do Mercadona e muito perto do acesso à VCI, Rotunda da Boavista, Av. da Boavista, etc...É uma excelente oportunidade para habitação própria ou para colocar no mercado de arrendamento, com boa taxa de rentabilidade. Pode ainda ser colocado em AL, porque está inserido na freguesia de Cedofeita, que faz parte dos locais onde se poderão obter novas licenças para esse efeito. Nota: o apartamento está disponível para visitas a partir de 3 de Julho. A REMAX está ao seu dispor para o ajudar a comprar este excelente T4 no Porto junto ao Metro!","Venda","115 m2","4","4","1º Andar","Sim","1974","Não","Características   Varanda Estores Elétricos  Cozinha Equipada Ar Condicionado  Perto de Parque Trânsito de Acesso Fácil  Perto de Ginásio Perto de Transportes Públicos  Vizinhança Perto de Igreja  Perto de Hospital Perto de Jardim  Perto de Lojas Perto de Escola(s)  Internet","José Cunha Lopes","https://i.maxwork.pt/mxw-650/energyefficiency/details/EF/C.png","Cedofeita, Santo Ildefonso, Sé, Miragaia, São Nicolau e Vitória",""
"1687781258-3","https://www.remax.pt/comprar/porto","venda-moradia-t5-porto-aldoar-foz-do-douro-e-nevogilde                  725 000 €         Porto -   Porto, Aldoar, Foz do Douro e Nevogilde        Moradia   211 m2    5    5","https://www.remax.pt/imoveis/venda-moradia-t5-porto-aldoar-foz-do-douro-e-nevogilde/120781136-41","Moradia T5 à venda em Porto","725 000 €","Descrição     Ilha em Aldoar com enorme potencial para construção nova de moradias. Faz gaveto com a Rua de Vila Nova e a Rua Alcaide Faria. São 2 artigos com construção anterior a 1951 com: Área Total 970,2 m2 Área coberta 211,32 m2 Área descoberta 758,88 m2 Para mais informações, indique o ID 120781136-41","Venda","211 m2","5","5","--","Não","1951","Não","","José Coelho","https://i.maxwork.pt/mxw-650/energyefficiency/details/EF/NC.png","Aldoar, Foz do Douro e Nevogilde",""
"1687781261-4","https://www.remax.pt/comprar/porto","venda-moradia-t2-porto-cedofeita-santo-ildefonso-se-miragaia-sao-nicolau-e-vitoria                 Visita virtual     298 165 €         Porto -   Porto, Cedofeita, Santo Ildefonso, Sé, Miragaia, São Nicolau e Vitória        Moradia   106 m2    1    2","https://www.remax.pt/imoveis/venda-moradia-t2-porto-cedofeita-santo-ildefonso-se-miragaia-sao-nicolau-e-vitoria/123821036-351","Moradia T2 à venda em Cedofeita","298 165 €","Descrição   MORADIA T2 DUPLEX NO CENTRO - PORTO   Com um design moderno e elegante, esta Moradia T2 proporciona-lhe um ambiente tranquilo e confortável dentro de um Condomínio Privado. Esta Casa é ideal para quem procura um espaço funcional, acolhedor e contemporâneo.   Moradia composta por:

 R/C
- Sala
 - Cozinha Totalmente Equipada
- Casa de Banho Completa 
1º Andar
- Hall 1º Piso
 - 2 Quartos   Dispõe de Ar Condicionado, Vidros Duplos com Corte Térmico, Portas de Segurança e Alarme Anti-Incêncio, Anti-Inundação e Anti-Intrusão.
 Tem ainda ao seu dispor de um Lugar de Garagem, que lhe proporciona um espaço seguro para estacionar o seu veículo.   Localizada em Rua Aníbal Cunha, no coração do Porto, está próxima de todo o tipo de comércio, serviços, escolas, transportes públicos, nomeadamente a 8 minutos a pé (650m) da Estação de Metro Carolina Michaelis e a 5 minutos de carro dos acessos à VCI, A1, A3 e A4.   AL - Área de Crescimento Sustentável - Freguesia Cedofeita   Esta Moradia T2 Duplex oferece uma oportunidade única de desfrutar de um estilo de vida confortável e contemporâneo, num ambiente tranquilo e privado. Tornando ainda a sua localização privilegiada num dos seus principais atrativos.   Agende a sua visita e descubra por si!   ________________________     DUPLEX HOUSE WITH 2 BEDROOM, CENTER - PORTO   With a modern and elegant design, this House provides you with a peaceful and comfortable environment within a Private Condominium. This House is ideal for those looking for a functional, welcoming and contemporary space.   House consisting of: Ground floor
- Fully Equipped Kitchen
- Living room
- Complete bathroom 1° floor
- Hall 1st Floor
- 2 Bedrooms   It has Air Conditioning, Double Glazing with Thermal Cut, Security Doors and Anti-Fire, Anti-Flood and Anti-Intrusion Alarm.
You also have at your disposal a Garage Space, which provides you with a safe space to park your vehicle.   Located on Rua Aníbal Cunha, in the heart of Porto, it is near to all kinds of shops, services, schools, public transport, namely an 8-minute walk (650m) from the Carolina Michaelis Metro Station and a 5-minute drive from the accesses to the VCI, A1, A3 and A4.   AL - Sustainable Growth Area - Cedofeita Parish   This Duplex House offers a unique opportunity to enjoy a comfortable and contemporary lifestyle, in a peaceful and private environment. Making its privileged location one of its main attractions.   Schedule your visit and find out for yourself!","Venda","106 m2","2","2","--","Não","2022","1 Lug.","Características   Jardim Sistema de Segurança  Urbano Perto de Transportes Públicos  Ar Condicionado Cozinha Equipada  Moradia Localização  Garagem C/ Portão Automático Perto de Hospital  Perto de Parque Perto de Escola(s)  Centro da Cidade Perto de Lojas  Perto de Jardim Electricidade  Água Internet","Alexandrina Magalhães","https://i.maxwork.pt/mxw-650/energyefficiency/details/EF/C.png","Cedofeita, Santo Ildefonso, Sé, Miragaia, São Nicolau e Vitória",""
"1687781264-5","https://www.remax.pt/comprar/porto","venda-apartamento-t2-porto-bonfim                  220 000 €         Porto -   Porto, Bonfim        Apartamento   92 m2    2    2","https://www.remax.pt/imoveis/venda-apartamento-t2-porto-bonfim/120741291-70","Apartamento T2 à venda em Porto","220 000 €","Descrição   Apartamento T2 para venda a 220 000 € Localiza-se 2 min da estação de metro dos Combatentes e a 7 min do metro do Marques. Apartamento com cozinha equipada e acabamentos minimalistas. Tem estores eletricos e vidros duplos. Um dos quartos é suite e tem varanda. O apartamento tem num total 3 varandas. Esta actualmente arrendado com valor de 800 euros, contrato termina em Dezembro de 2024. Venha visitar!","Venda","92 m2","2","2","1º Andar","Não","1981","Não","Características   Varanda Ar Condicionado  Vistas Exteriores Cozinha Equipada  Perto de Transportes Públicos Urbano  Estilo Contemporâneo Oeste  Este","Betâmia Monteiro","https://i.maxwork.pt/mxw-650/energyefficiency/details/EF/E.png","Bonfim",""
"1687781267-6","https://www.remax.pt/comprar/porto","venda-apartamento-t1-porto-campanha                  110 000 €     Investimento    Porto -   Porto, Campanhã        Apartamento   46 m2    1    1","https://www.remax.pt/imoveis/venda-apartamento-t1-porto-campanha/120931558-1","Apartamento T1 à venda em Porto","110 000 €","Descrição   Apartamento T1 para venda a 110 000 €   Apartamento T1 muito bem localizado. Ótima oportunidade de investimento! Boas acessibilidades e proximidade de serviços :
Mercadona - 100 mt.
Farmácia - 200mt.
Estádio do Dragão e Estação Metro - 800mt.
A 500 mts do acesso ao nó do Mercado Abastecedor de ligação á VCI. Marque já a sua visita.
Não perca esta oportunidade rentável de Investimento.","Venda","46 m2","1","1","1º Andar","Não","1981","Não","Características   Varanda Perto de Transportes Públicos  Urbano Por Remodelar  Centro da Cidade Perto de Igreja  Rua Sossegada Perto de Escola(s)  Perto de Hospital Perto de Lojas  Trânsito de Acesso Fácil Norte  Água Electricidade","Nuno Almeida","https://i.maxwork.pt/mxw-650/energyefficiency/details/EF/D.png","Campanhã",""
"1687781270-7","https://www.remax.pt/comprar/porto","venda-prédio-porto-cedofeita-santo-ildefonso-se-miragaia-sao-nicolau-e-vitoria                  179 000 €         Porto -   Porto, Cedofeita, Santo Ildefonso, Sé, Miragaia, São Nicolau e Vitória        Prédio   117 m2    0    --","https://www.remax.pt/imoveis/venda-predio-porto-cedofeita-santo-ildefonso-se-miragaia-sao-nicolau-e-vitoria/123571263-34","Prédio à venda em Porto","179 000 €","Descrição     Fantástico PRÉDIO para reabilitação, em Propriedade Total, com espaço comercial no RC com entrada independente. Trata-se de um imóvel , para investimento ou habitaçao propria com imenso potencial, numa zona de enorme procura. É constituído por RC , 1 e 2 piso e um sotão.   De construção anterior a 1951, de Traça Antiga, com varandas em ferro como caracteriza a rua Cimo de Vila , inserido em Zona ARU (Área de Reabilitação Urbana), com vários benefícios fiscais. Fica situado no Centro de Cidade do Porto, proximo da Sé, Fontainhas, Ponte D. Luis , estação de São Bento, dispondo de todas as acessibilidades inerentes (transportes, cultura, comércio, lazer). Prédio tem um contrato de arrendamento até 10/2025 com valor de 350€.   Não perca esta oportunidade.   Fantastic BUILDING for rehabilitation, in Total Property, with commercial space in RC with independent entrance.
It is a property, for investment or own housing with immense potential, in an area of enormous demand. It consists of RC, 1 and 2 floor and a loft
Built before 1951, of Old Moth, with iron balconies as characterized by the street Cimo de Vila , inserted in Zone ARU (Urban Rehabilitation Area), with several tax benefits. It is located very close to Sé , Fontainhas , D. Luís Bridge, S.Bento station, having all the inherent accessibilities (transport, culture, commerce, leisure). Predio has a lease until 10/2025 with a value of 350€ Don't miss this great opportunity!","Venda","117 m2","--","--","--","Não","1950","Não","","Carla Souto","https://i.maxwork.pt/mxw-650/energyefficiency/details/EF/E.png","Cedofeita, Santo Ildefonso, Sé, Miragaia, São Nicolau e Vitória",""
"1687781273-8","https://www.remax.pt/comprar/porto","venda-apartamento-t1-porto-campanha                  210 000 €         Porto -   Porto, Campanhã        Apartamento   69 m2    1    1","https://www.remax.pt/imoveis/venda-apartamento-t1-porto-campanha/124851177-33","Apartamento T1 à venda em Porto","210 000 €","Descrição   Apartamento T1 Novo na Praça da Corujeira, na freguesia de Campanha, concelho do Porto. Inserida numa zona de atração turística, residencial e a escassos metros do Terminal Intermodal (meio que agrega vários meios de transporte de ligação ao País), conta com as seguintes características: 
Características: O imóvel é constituído por sala e cozinha totalmente equipada em open space, dois quartos com roupeiro e casa de banho completa. 
Acabamentos Interiores.: - Porta de Segurança;
- Isolamento entre pisos, paredes e tetos;
- Tetos Falsos c/ Focos LED;
- Fita LED nas Sancas;
- Estores Elétricos;
- Bomba de Calor para água sanitárias;
- Ar-Condicionado;
- Sistema de Video-Porteiro;
- Madeira Flutuante;   Localização: - Estádio do Dragão a 600 m; - Metro do Dragão a 450 m; - Alameda Shopping a 800 m; - Num raio de 1 km tem ao dispor inúmeros serviços (Escolas, Creches, Bombas de Gasolina) comércio (Cafés, Supermercados) e transporte públicos (Comboio, Metro e Autocarros);","Venda","69 m2","1","1","R/C","Sim","2022","Não","","João Vaz","https://i.maxwork.pt/mxw-650/energyefficiency/details/EF/B.png","Campanhã",""
"1687781276-9","https://www.remax.pt/comprar/porto","venda-apartamento-t2-porto-campanha                  265 000 €         Porto -   Porto, Campanhã        Apartamento   69 m2    1    2","https://www.remax.pt/imoveis/venda-apartamento-t2-porto-campanha/124851188-10","Apartamento T2 à venda em Porto","265 000 €","Descrição   Apartamento T2 Novo na Praça da Corujeira, na freguesia de Campanha, concelho do Porto. Inserida numa zona de atração turística, residencial e a escassos metros do Terminal Intermodal (meio que agrega vários meios de transporte de ligação ao País), conta com as seguintes características: 
Características: O imóvel é constituído por sala e cozinha totalmente equipada em open space, dois quartos com roupeiro e casa de banho completa. 
Acabamentos Interiores.: - Porta de Segurança;
- Isolamento entre pisos, paredes e tetos;
- Tetos Falsos c/ Focos LED;
- Fita LED nas Sancas;
- Estores Elétricos;
- Bomba de Calor para água sanitárias;
- Ar-Condicionado;
- Sistema de Video-Porteiro;
- Madeira Flutuante;   Localização: - Estádio do Dragão a 600 m; - Metro do Dragão a 450 m; - Alameda Shopping a 800 m; - Num raio de 1 km tem ao dispor inúmeros serviços (Escolas, Creches, Bombas de Gasolina) comércio (Cafés, Supermercados) e transporte públicos (Comboio, Metro e Autocarros);","Venda","69 m2","2","2","R/C","Sim","2022","Não","Características   Jardim Cozinha Equipada  Vistas Exteriores Ar Condicionado  Perto de Transportes Públicos Sistema de Segurança  Urbano Localização  Garagem C/ Portão Automático Primeiro proprietário  Centro da Cidade Perto de Autoestrada  Perto de Jardim Trânsito de Acesso Fácil  Local Movimentado Perto de Parque  Perto de Lojas Perto de Ginásio","Joana Semana","https://i.maxwork.pt/mxw-650/energyefficiency/details/EF/B.png","Campanhã",""
"1687781279-10","https://www.remax.pt/comprar/porto","venda-apartamento-t2-porto-campanha                  270 000 €         Porto -   Porto, Campanhã        Apartamento   69 m2    1    2","https://www.remax.pt/imoveis/venda-apartamento-t2-porto-campanha/124851187-15","Apartamento T2 à venda em Porto","270 000 €","Descrição   Apartamento T2 Novo na Praça da Corujeira, na freguesia de Campanha, concelho do Porto. Inserida numa zona de atração turística, residencial e a escassos metros do Terminal Intermodal (meio que agrega vários meios de transporte de ligação ao País), conta com as seguintes características: 
Características: O imóvel é constituído por sala e cozinha totalmente equipada em open space, dois quartos com roupeiro e casa de banho completa. 
Acabamentos Interiores.: - Porta de Segurança;
- Isolamento entre pisos, paredes e tetos;
- Tetos Falsos c/ Focos LED;
- Fita LED nas Sancas;
- Estores Elétricos;
- Bomba de Calor para água sanitárias;
- Ar-Condicionado;
- Sistema de Video-Porteiro;
- Madeira Flutuante;   Localização: - Estádio do Dragão a 600 m; - Metro do Dragão a 450 m; - Alameda Shopping a 800 m; - Num raio de 1 km tem ao dispor inúmeros serviços (Escolas, Creches, Bombas de Gasolina) comércio (Cafés, Supermercados) e transporte públicos (Comboio, Metro e Autocarros);","Venda","69 m2","2","2","1º Andar","Sim","2022","Não","Características   Jardim Cozinha Equipada  Vistas Exteriores Ar Condicionado  Perto de Transportes Públicos Sistema de Segurança  Urbano Localização  Garagem C/ Portão Automático Primeiro proprietário  Centro da Cidade Perto de Autoestrada  Perto de Jardim Trânsito de Acesso Fácil  Local Movimentado Perto de Parque  Perto de Lojas Perto de Ginásio","Tiago Carneiro","https://i.maxwork.pt/mxw-650/energyefficiency/details/EF/B.png","Campanhã",""
"1687781282-11","https://www.remax.pt/comprar/porto","venda-apartamento-t2-porto-campanha                  250 000 €         Porto -   Porto, Campanhã        Apartamento   76 m2    1    2","https://www.remax.pt/imoveis/venda-apartamento-t2-porto-campanha/124851232-1","Apartamento T2 à venda em Porto","250 000 €","Descrição   Apartamento T2 Novo na Praça da Corujeira, na freguesia de Campanha, concelho do Porto. Inserida numa zona de atração turística, residencial e a escassos metros do Terminal Intermodal (meio que agrega vários meios de transporte de ligação ao País), conta com as seguintes características: 
Características: O imóvel é constituído por sala e cozinha totalmente equipada em open space, dois quartos com roupeiro e casa de banho completa. 
Acabamentos Interiores.: - Porta de Segurança;
- Isolamento entre pisos, paredes e tetos;
- Tetos Falsos c/ Focos LED;
- Fita LED nas Sancas;
- Estores Elétricos;
- Bomba de Calor para água sanitárias;
- Ar-Condicionado;
- Sistema de Video-Porteiro;
- Madeira Flutuante;   Localização: - Estádio do Dragão a 600 m; - Metro do Dragão a 450 m; - Alameda Shopping a 800 m; - Num raio de 1 km tem ao dispor inúmeros serviços (Escolas, Creches, Bombas de Gasolina) comércio (Cafés, Supermercados) e transporte públicos (Comboio, Metro e Autocarros);","Venda","76 m2","2","2","1º Andar","Sim","2022","Não","Características   Jardim Cozinha Equipada  Vistas Exteriores Ar Condicionado  Perto de Transportes Públicos Sistema de Segurança  Urbano Localização  Garagem C/ Portão Automático Primeiro proprietário  Centro da Cidade Perto de Autoestrada  Perto de Jardim Trânsito de Acesso Fácil  Local Movimentado Perto de Parque  Perto de Lojas Perto de Ginásio","Priscila Koboldt","https://i.maxwork.pt/mxw-650/energyefficiency/details/EF/B.png","Campanhã",""
"1687781285-12","https://www.remax.pt/comprar/porto","venda-apartamento-t2-porto-campanha                  350 000 €         Porto -   Porto, Campanhã        Apartamento   79 m2    1    2","https://www.remax.pt/imoveis/venda-apartamento-t2-porto-campanha/124851184-6","Apartamento T2 à venda em Porto","350 000 €","Descrição   Apartamento T2 Novo na Praça da Corujeira, na freguesia de Campanha, concelho do Porto. Inserida numa zona de atração turística, residencial e a escassos metros do Terminal Intermodal (meio que agrega vários meios de transporte de ligação ao País), conta com as seguintes características: 
Características: O imóvel é constituído por sala e cozinha totalmente equipada em open space, dois quartos com roupeiro e casa de banho completa. 
Acabamentos Interiores.: - Porta de Segurança;
- Isolamento entre pisos, paredes e tetos;
- Tetos Falsos c/ Focos LED;
- Fita LED nas Sancas;
- Estores Elétricos;
- Bomba de Calor para água sanitárias;
- Ar-Condicionado;
- Sistema de Video-Porteiro;
- Madeira Flutuante;   Localização: - Estádio do Dragão a 600 m; - Metro do Dragão a 450 m; - Alameda Shopping a 800 m; - Num raio de 1 km tem ao dispor inúmeros serviços (Escolas, Creches, Bombas de Gasolina) comércio (Cafés, Supermercados) e transporte públicos (Comboio, Metro e Autocarros);","Venda","79 m2","2","2","2º Andar","Sim","2022","Não","Características   Jardim Cozinha Equipada  Vistas Exteriores Ar Condicionado  Perto de Transportes Públicos Sistema de Segurança  Urbano Localização  Garagem C/ Portão Automático Primeiro proprietário  Centro da Cidade Perto de Autoestrada  Perto de Jardim Trânsito de Acesso Fácil  Local Movimentado Perto de Parque  Perto de Lojas Perto de Ginásio","Iracema Morgado","https://i.maxwork.pt/mxw-650/energyefficiency/details/EF/B.png","Campanhã",""
"1687781288-13","https://www.remax.pt/comprar/porto","venda-apartamento-t2-porto-campanha                  350 000 €         Porto -   Porto, Campanhã        Apartamento   79 m2    1    2","https://www.remax.pt/imoveis/venda-apartamento-t2-porto-campanha/124851177-34","Apartamento T2 à venda em Porto","350 000 €","Descrição   Apartamento T2 Novo na Praça da Corujeira, na freguesia de Campanha, concelho do Porto. Inserida numa zona de atração turística, residencial e a escassos metros do Terminal Intermodal (meio que agrega vários meios de transporte de ligação ao País), conta com as seguintes características: 
Características: O imóvel é constituído por sala e cozinha totalmente equipada em open space, dois quartos com roupeiro e casa de banho completa. 
Acabamentos Interiores.: - Porta de Segurança;
- Isolamento entre pisos, paredes e tetos;
- Tetos Falsos c/ Focos LED;
- Fita LED nas Sancas;
- Estores Elétricos;
- Bomba de Calor para água sanitárias;
- Ar-Condicionado;
- Sistema de Video-Porteiro;
- Madeira Flutuante;   Localização: - Estádio do Dragão a 600 m; - Metro do Dragão a 450 m; - Alameda Shopping a 800 m; - Num raio de 1 km tem ao dispor inúmeros serviços (Escolas, Creches, Bombas de Gasolina) comércio (Cafés, Supermercados) e transporte públicos (Comboio, Metro e Autocarros);","Venda","79 m2","2","2","2º Andar","Sim","2022","Não","Características   Jardim Cozinha Equipada  Vistas Exteriores Ar Condicionado  Perto de Transportes Públicos Sistema de Segurança  Urbano Localização  Garagem C/ Portão Automático Primeiro proprietário  Centro da Cidade Perto de Autoestrada  Perto de Jardim Trânsito de Acesso Fácil  Local Movimentado Perto de Parque  Perto de Lojas Perto de Ginásio","João Vaz","https://i.maxwork.pt/mxw-650/energyefficiency/details/EF/B.png","Campanhã",""
"1687781292-14","https://www.remax.pt/comprar/porto","venda-apartamento-t2-porto-campanha                  365 000 €         Porto -   Porto, Campanhã        Apartamento   79 m2    1    2","https://www.remax.pt/imoveis/venda-apartamento-t2-porto-campanha/124851188-11","Apartamento T2 à venda em Porto","365 000 €","Descrição   Apartamento T2 Novo na Praça da Corujeira, na freguesia de Campanha, concelho do Porto. Inserida numa zona de atração turística, residencial e a escassos metros do Terminal Intermodal (meio que agrega vários meios de transporte de ligação ao País), conta com as seguintes características: 
Características: O imóvel é constituído por sala e cozinha totalmente equipada em open space, dois quartos com roupeiro e casa de banho completa. 
Acabamentos Interiores.: - Porta de Segurança;
- Isolamento entre pisos, paredes e tetos;
- Tetos Falsos c/ Focos LED;
- Fita LED nas Sancas;
- Estores Elétricos;
- Bomba de Calor para água sanitárias;
- Ar-Condicionado;
- Sistema de Video-Porteiro;
- Madeira Flutuante;   Localização: - Estádio do Dragão a 600 m; - Metro do Dragão a 450 m; - Alameda Shopping a 800 m; - Num raio de 1 km tem ao dispor inúmeros serviços (Escolas, Creches, Bombas de Gasolina) comércio (Cafés, Supermercados) e transporte públicos (Comboio, Metro e Autocarros);","Venda","79 m2","2","2","3º Andar","Sim","2022","Não","Características   Jardim Cozinha Equipada  Vistas Exteriores Ar Condicionado  Perto de Transportes Públicos Sistema de Segurança  Urbano Localização  Garagem C/ Portão Automático Primeiro proprietário  Centro da Cidade Perto de Autoestrada  Perto de Jardim Trânsito de Acesso Fácil  Local Movimentado Perto de Parque  Perto de Lojas Perto de Ginásio","Joana Semana","https://i.maxwork.pt/mxw-650/energyefficiency/details/EF/B.png","Campanhã",""
"1687781295-15","https://www.remax.pt/comprar/porto","venda-apartamento-t2-porto-campanha                  370 000 €         Porto -   Porto, Campanhã        Apartamento   79 m2    1    2","https://www.remax.pt/imoveis/venda-apartamento-t2-porto-campanha/124851187-16","Apartamento T2 à venda em Porto","370 000 €","Descrição   Apartamento T2 Novo na Praça da Corujeira, na freguesia de Campanha, concelho do Porto. Inserida numa zona de atração turística, residencial e a escassos metros do Terminal Intermodal (meio que agrega vários meios de transporte de ligação ao País), conta com as seguintes características: 
Características: O imóvel é constituído por sala e cozinha totalmente equipada em open space, dois quartos com roupeiro e casa de banho completa. 
Acabamentos Interiores.: - Porta de Segurança;
- Isolamento entre pisos, paredes e tetos;
- Tetos Falsos c/ Focos LED;
- Fita LED nas Sancas;
- Estores Elétricos;
- Bomba de Calor para água sanitárias;
- Ar-Condicionado;
- Sistema de Video-Porteiro;
- Madeira Flutuante;   Localização: - Estádio do Dragão a 600 m; - Metro do Dragão a 450 m; - Alameda Shopping a 800 m; - Num raio de 1 km tem ao dispor inúmeros serviços (Escolas, Creches, Bombas de Gasolina) comércio (Cafés, Supermercados) e transporte públicos (Comboio, Metro e Autocarros);","Venda","79 m2","2","2","3º Andar","Sim","2022","Não","Características   Jardim Cozinha Equipada  Vistas Exteriores Ar Condicionado  Perto de Transportes Públicos Sistema de Segurança  Urbano Localização  Garagem C/ Portão Automático Primeiro proprietário  Centro da Cidade Perto de Autoestrada  Perto de Jardim Trânsito de Acesso Fácil  Local Movimentado Perto de Parque  Perto de Lojas Perto de Ginásio","Tiago Carneiro","https://i.maxwork.pt/mxw-650/energyefficiency/details/EF/B.png","Campanhã",""
"1687781298-16","https://www.remax.pt/comprar/porto","venda-apartamento-t2-porto-campanha                  405 000 €         Porto -   Porto, Campanhã        Apartamento   82 m2    1    2","https://www.remax.pt/imoveis/venda-apartamento-t2-porto-campanha/124851232-2","Apartamento T2 à venda em Porto","405 000 €","Descrição   Apartamento T2 Novo na Praça da Corujeira, na freguesia de Campanha, concelho do Porto. Inserida numa zona de atração turística, residencial e a escassos metros do Terminal Intermodal (meio que agrega vários meios de transporte de ligação ao País), conta com as seguintes características: 
Características: O imóvel é constituído por sala e cozinha totalmente equipada em open space, dois quartos com roupeiro e casa de banho completa. 
Acabamentos Interiores.: - Porta de Segurança;
- Isolamento entre pisos, paredes e tetos;
- Tetos Falsos c/ Focos LED;
- Fita LED nas Sancas;
- Estores Elétricos;
- Bomba de Calor para água sanitárias;
- Ar-Condicionado;
- Sistema de Video-Porteiro;
- Madeira Flutuante;   Localização: - Estádio do Dragão a 600 m; - Metro do Dragão a 450 m; - Alameda Shopping a 800 m; - Num raio de 1 km tem ao dispor inúmeros serviços (Escolas, Creches, Bombas de Gasolina) comércio (Cafés, Supermercados) e transporte públicos (Comboio, Metro e Autocarros);","Venda","82 m2","2","2","4º Andar","Sim","2022","Não","Características   Jardim Cozinha Equipada  Vistas Exteriores Ar Condicionado  Perto de Transportes Públicos Sistema de Segurança  Urbano Localização  Garagem C/ Portão Automático Primeiro proprietário  Centro da Cidade Perto de Autoestrada  Perto de Jardim Trânsito de Acesso Fácil  Local Movimentado Perto de Parque  Perto de Lojas Perto de Ginásio","Priscila Koboldt","https://i.maxwork.pt/mxw-650/energyefficiency/details/EF/B.png","Campanhã",""
"1687781301-17","https://www.remax.pt/comprar/porto","venda-apartamento-t2-porto-campanha                  405 000 €         Porto -   Porto, Campanhã        Apartamento   82 m2    1    2","https://www.remax.pt/imoveis/venda-apartamento-t2-porto-campanha/124851184-7","Apartamento T2 à venda em Porto","405 000 €","Descrição   Apartamento T2 Novo na Praça da Corujeira, na freguesia de Campanha, concelho do Porto. Inserida numa zona de atração turística, residencial e a escassos metros do Terminal Intermodal (meio que agrega vários meios de transporte de ligação ao País), conta com as seguintes características: 
Características: O imóvel é constituído por sala e cozinha totalmente equipada em open space, dois quartos com roupeiro e casa de banho completa. 
Acabamentos Interiores.: - Porta de Segurança;
- Isolamento entre pisos, paredes e tetos;
- Tetos Falsos c/ Focos LED;
- Fita LED nas Sancas;
- Estores Elétricos;
- Bomba de Calor para água sanitárias;
- Ar-Condicionado;
- Sistema de Video-Porteiro;
- Madeira Flutuante;   Localização: - Estádio do Dragão a 600 m; - Metro do Dragão a 450 m; - Alameda Shopping a 800 m; - Num raio de 1 km tem ao dispor inúmeros serviços (Escolas, Creches, Bombas de Gasolina) comércio (Cafés, Supermercados) e transporte públicos (Comboio, Metro e Autocarros);","Venda","82 m2","2","2","4º Andar","Sim","2022","Não","Características   Jardim Cozinha Equipada  Vistas Exteriores Ar Condicionado  Perto de Transportes Públicos Sistema de Segurança  Urbano Localização  Garagem C/ Portão Automático Primeiro proprietário  Centro da Cidade Perto de Autoestrada  Perto de Jardim Trânsito de Acesso Fácil  Local Movimentado Perto de Parque  Perto de Lojas Perto de Ginásio","Iracema Morgado","https://i.maxwork.pt/mxw-650/energyefficiency/details/EF/B.png","Campanhã",""
"1687781304-18","https://www.remax.pt/comprar/porto","venda-apartamento-t2-porto-cedofeita-santo-ildefonso-se-miragaia-sao-nicolau-e-vitoria                 Visita virtual     370 000 €         Porto -   Porto, Cedofeita, Santo Ildefonso, Sé, Miragaia, São Nicolau e Vitória        Apartamento   82 m2    2    2","https://www.remax.pt/imoveis/venda-apartamento-t2-porto-cedofeita-santo-ildefonso-se-miragaia-sao-nicolau-e-vitoria/124851023-206","Apartamento T2 à venda em Porto","370 000 €","Descrição   Apartamento T2 novo, com varanda, em plena baixa histórica do Porto   Fantástico apartamento com boa distribuição de áreas, ótimos acabamentos e muita luminosidade, em zona residencial do centro histórico da cidade do Porto. A escassos metros a pé de vários pontos de interesse da cidade, destacando-se os conceituados Mercado do Bolhão, Livraria Lello, Torre dos Clérigos e Rua de Santa Catarina, uma das principais e mais conhecidas ruas da zona da baixa do Porto. Por isso, beneficia da proximidade a todo o tipo de serviços essenciais ao dia-a-dia, nomeadamente transportes (metro/autocarro), supermercados, restaurantes, cafés, comércio tradicional, bem como espaços de entretenimento (teatros e bares).   O apartamento, situado no 2º piso de um prédio com 2 elevadores, com lugar de garagem para uma viatura, distribui-se da seguinte forma: - Hall de entrada com porta de segurança; - Sala ampla com acesso direto a uma agradável varanda; - Cozinha em open space equipada com placa, forno e exaustor da marca Teka; - Suite com roupeiro embutido, e casa de banho com base de chuveiro e pavimento revestidos a mármore Estremoz; - Segundo quarto com roupeiro embutido; - Casa de banho de apoio, completa com base de chuveiro e pavimento revestidos a mármore Estremoz.   COMODIDADES: Podemos salientar as seguintes comodidades: - Porta de segurança; - Painéis solares; - Vidros duplos de proteção térmica/ acústica; - Caixilharia com corte térmico; - Janelas grandes oscilo-batentes; - Isolamento com lã de rocha; - Tetos falsos com focos embutidos em todas as divisões; - Blackouts automáticos; - Bomba de calor para aquecimento de águas; - Pré-instalação de gás natural; - Pré-instalação de ar condicionado nas principais divisões (Sala e Quartos); - Portas grandes, até ao teto; - Casas de banho com pavimento em mármore; - Pavimento flutuante Carvalho nas restantes zonas.   LOCALIZAÇÃO: A excelente localização deste imóvel está a uma curta distância a pé de variados serviços essenciais ao dia-a-dia, nomeadamente: 270m da Estação de metro Faria Guimarães; 500m da Estação de metro da Trindade; 500m do Pingo Doce; 650m do Hospital de Santa Maria; 1,5km do Hospital de Santo António; 1,4km de farmácia, 350m do Jardim da Praça da República; Variados Restaurantes num raio de 500m.   E de diversos pontos de interesse da cidade histórica do Porto, tais como: 850m da Avenida dos Aliados; 500m da Igreja da Lapa; 900m do famoso Mercado do Bolhão; 950m da histórica Torre dos Clérigos; 950 da emblemática Livraria Lello; 1km da Igreja do Carmo; 950m da Rua de Santa Catarina; 1km Teatro Rivoli; 1km Teatro Sá da Bandeira;   Aproveite já esta fantástica oportunidade de viver no coração da cidade do Porto!!!
 Marque já a sua visita e venha conhecer todos os pormenores   Saiba mais clicando em Empreendimento João das Regras City Flats","Venda","82 m2","2","2","2º Andar","Sim","2022","1 Lug.","Características   Varanda Perto de Transportes Públicos  Construção Nova Painéis Solares  Centro da Cidade Local Movimentado  Perto de Igreja Perto de Lojas  Chão em Madeira Maciça Trânsito de Acesso Fácil  Perto de Hospital","Nilza Paixão","https://i.maxwork.pt/mxw-650/energyefficiency/details/EF/Aplus.png","Cedofeita, Santo Ildefonso, Sé, Miragaia, São Nicolau e Vitória",""
"1687781307-19","https://www.remax.pt/comprar/porto","venda-prédio-porto-cedofeita-santo-ildefonso-se-miragaia-sao-nicolau-e-vitoria                  3 400 000 €         Porto -   Porto, Cedofeita, Santo Ildefonso, Sé, Miragaia, São Nicolau e Vitória        Prédio   1139 m2    0    --","https://www.remax.pt/imoveis/venda-predio-porto-cedofeita-santo-ildefonso-se-miragaia-sao-nicolau-e-vitoria/124851226-3","Prédio à venda em Porto","3 400 000 €","Descrição   Investimento com garantia de óptima rentabilidade   Prédio Classificado, situado no centro histórico do Porto Próximo ao Hospital Stº  António.   Prédio inserido em zona ARU.   PIP aprovado para :  área total de construção: 1737,80m2 volume construção: 6782 m3 nº de pisos: 1 piso abaixo da cota de soleira e 4 pisos acima da cota de soleira número total de fogos: 19 número de unidades funcionais 1 (comércio/serviços)  Prédio destinado a Habitação coletiva e comércio/serviços. Pontos de referência próximos do imóvel:  Museu Nacional de Soares dos Reis Hospital de Santo António SuperBock Arena - Pavilhão Rosa Mota Supermercados Farmácia Cardona dos Santos    Zona turística por excelência, com todo o tipo de comércio, serviços e transportes nas proximidades. A escassos metros da nova estação do Metro (linha rosa - Hospital Santo António).   Oportunidade de investimento neste prédio de quatro andares de traça característica para venda em propriedade total.","Venda","1 139 m2","--","--","--","Não","1989","Não","","Pedro Amen","https://i.maxwork.pt/mxw-650/energyefficiency/details/EF/F.png","Cedofeita, Santo Ildefonso, Sé, Miragaia, São Nicolau e Vitória",""
"1687781310-20","https://www.remax.pt/comprar/porto","venda-prédio-t3-porto-cedofeita-santo-ildefonso-se-miragaia-sao-nicolau-e-vitoria                  320 000 €         Porto -   Porto, Cedofeita, Santo Ildefonso, Sé, Miragaia, São Nicolau e Vitória        Prédio   160 m2    4    3","https://www.remax.pt/imoveis/venda-predio-t3-porto-cedofeita-santo-ildefonso-se-miragaia-sao-nicolau-e-vitoria/123551152-373","Prédio à venda em Porto","320 000 €","Descrição   Prédio com 4 pisos e 40m2 de área de implantação, com duas frentes, para reabilitar, com varandas e vistas de rio, à Alfândega do Porto. Prédio composto por 4 pisos, distribuídos em rés de chão, 1º, 2º e 3º andar. Potencial para construir mais um piso, em função da cércea já existente na rua. - Rés do chão:  Loja com WC e entrada independente  - 1º andar:  Divisão (sala/quarto) com varanda Casa de banho completa Cozinha  - 2º andar:  Divisão (sala/quarto) com varanda e vistas de rio Cozinha Casa de banho com duche  - 3º andar:  Divisão (sala/quarto) com varanda e vistas de rio Cozinha Casa de banho com duche Despensa  No 2º e 3º andar temos acesso a um pequeno logradouro/terraço nas traseiras e acesso independente à um caminho pedonal até às “Escadas das Sereias”. - Características:  Piso em madeira  - Outras características:  Exposição solar: Sul (sala/quarto) e norte (cozinhas do 2º e 3º andar)  Inserido numa zona privilegiada, no Centro Histórico do Porto, com vistas sobre o Rio Douro, à Alfândega do Porto. Com paragem de autocarro e de elétrico à porta e fácil acesso à Foz e ao centro do Porto. Com atrações turísticas, comércios e serviços nas proximidades. Excelente oportunidade de investimento! Venha conhecer, marque já a sua visita!","Venda","160 m2","3","3","--","Não","1951","Não","Características   Varanda Perto de Transportes Públicos  Urbano Vistas Exteriores  Construção Antiga Localização  Por Remodelar Protegido (Histórico)  Não Mobilado Perto de Jardim  Vista Aberta Vizinhança  Perto de Lojas Perto de Escola(s)  Vista Rio Perto de Mar  Perto de Igreja Vista Magnífica  Centro da Cidade Perto de Hospital  Perto de Praia Trânsito de Acesso Fácil  Local Movimentado Sul  Norte Água  Electricidade","Ana Rio","https://i.maxwork.pt/mxw-650/energyefficiency/details/EF/C.png","Cedofeita, Santo Ildefonso, Sé, Miragaia, São Nicolau e Vitória",""
